model,rank,feature,group,mean_abs_shap
semantic,1,sem_EstablishedRelationship,context,2.42601938
semantic,2,sem_ValueRegime,context,0.61061753
semantic,3,sem_NonInformativeNovelty,context,0.56027256
semantic,4,lifecycle_age_minutes,lifecycle,0.34499277
semantic,5,lifecycle_idle_minutes,lifecycle,0.33289637
semantic,6,sem_CrossJurisdictionTransfer,context,0.29591663
semantic,7,lifecycle_buckets_active,lifecycle,0.23873958
semantic,8,evidence_mitigation_count,evidence,0.22496434
semantic,9,sem_RoutineValueTransfer,context,0.20409036
semantic,10,sem_TempoRegime,context,0.16975859
semantic,11,role_tenure_minutes,role,0.16366044
semantic,12,sem_CashInstrumentSettlement,context,0.16288673
semantic,13,role_transition_count,role,0.15339792
semantic,14,beh_SupplierSettlementBehaviour,behaviour,0.15150036
semantic,15,evidence_effective_risk,evidence,0.14875165
semantic,16,beh_RelationshipCollapseBehaviour,behaviour,0.14156322
semantic,17,sem_CounterpartyRegime,context,0.14101642
semantic,18,role_confidence,role,0.12517926
semantic,19,sem_BehaviourRegimeShift,context,0.11907413
semantic,20,sem_FirstContact,context,0.10742669
semantic,21,lifecycle_observed_events,lifecycle,0.08446391
semantic,22,sem_ExpectedHighValueTransfer,context,0.08247932
semantic,23,lifecycle_distinct_counterparties,lifecycle,0.08230560
semantic,24,role_code,role,0.07957023
semantic,25,evidence_risk_count,evidence,0.06466499
semantic,26,beh_DistributionBehaviour,behaviour,0.06236791
semantic,27,evidence_strongest_risk,evidence,0.06157644
semantic,28,lifecycle_horizons_filled,lifecycle,0.06055591
semantic,29,beh_CashConcentrationBehaviour,behaviour,0.05046318
semantic,30,evidence_conflict_count,evidence,0.04840673
semantic,31,evidence_unqualified_topics,evidence,0.04523144
semantic,32,sem_DistributionNode,context,0.04436909
semantic,33,sem_CurrencyConversionTransfer,context,0.04017063
semantic,34,beh_UnexpectedBusinessCycle,behaviour,0.03764346
semantic,35,scn_NormalConsumerBehaviour,scenario,0.03630308
semantic,36,beh_MoneyAccumulationBehaviour,behaviour,0.03333632
semantic,37,sem_InternalBookEntry,context,0.03276030
semantic,38,beh_RapidLayeringBehaviour,behaviour,0.02869781
semantic,39,beh_ExpectedBusinessCycle,behaviour,0.02511607
semantic,40,sem_UnscaledValue,context,0.02377148
semantic,41,sem_NormalOperationalBurst,context,0.01922904
semantic,42,beh_PassThroughBehaviour,behaviour,0.01883778
semantic,43,sem_RecentlyCreatedRelationship,context,0.01671910
semantic,44,beh_BurstActivityBehaviour,behaviour,0.01599061
semantic,45,sem_IntraCustomerTransfer,context,0.01442949
semantic,46,sem_HighRiskJurisdictionExposure,context,0.01304063
semantic,47,scn_TreasuryCycling,scenario,0.01142231
semantic,48,sem_PassThroughAccount,context,0.01048003
semantic,49,sem_VirtualAssetExposure,context,0.00899407
semantic,50,beh_DormantAccountActivation,behaviour,0.00411622
semantic,51,beh_InsufficientBehaviouralHistory,behaviour,0.00372748
semantic,52,sem_NoEstablishedBaseline,context,0.00165912
semantic,53,beh_TransitBehaviour,behaviour,0.00139265
semantic,54,beh_CollectionBehaviour,behaviour,0.00060518
semantic,55,sem_UnexpectedLargeTransfer,context,0.00053742
semantic,56,beh_FanInCollection,behaviour,0.00023176
semantic,57,beh_CircularMoneyMovement,behaviour,0.00021847
semantic,58,beh_LiquidityBalancingBehaviour,behaviour,0.00010200
semantic,59,scn_CollectThenForward,scenario,0.00006988
semantic,60,beh_ShellCompanyBehaviour,behaviour,0.00004723
semantic,61,sem_CollectionNode,context,0.00002525
semantic,62,sem_LayeringChainSegment,context,0.00000542
semantic,63,scn_DistributionRun,scenario,0.00000156
semantic,64,sem_BookkeepingAccount,context,0.00000000
semantic,65,sem_CoverageGap,context,0.00000000
semantic,66,beh_FanOutDistribution,behaviour,0.00000000
semantic,67,beh_SettlementHubBehaviour,behaviour,0.00000000
semantic,68,beh_HighVelocityLayering,behaviour,0.00000000
semantic,69,beh_RelationshipGrowthBehaviour,behaviour,0.00000000
semantic,70,beh_RoutinePayrollBehaviour,behaviour,0.00000000
semantic,71,beh_PayrollOperatorBehaviour,behaviour,0.00000000
semantic,72,beh_MoneyMuleBehaviour,behaviour,0.00000000
semantic,73,scn_LayeringAttempt,scenario,0.00000000
semantic,74,scn_DormancyAfterOutflow,scenario,0.00000000
raw_plus_semantic,1,payment_format_code,raw,2.66288356
raw_plus_semantic,2,pair_prior_count,raw,1.98664056
raw_plus_semantic,3,sem_EstablishedRelationship,context,0.76745447
raw_plus_semantic,4,log_amount_received,raw,0.47297129
raw_plus_semantic,5,log_amount_paid,raw,0.38344044
raw_plus_semantic,6,lifecycle_idle_minutes,lifecycle,0.33437002
raw_plus_semantic,7,originator_prior_mean_log_amount,raw,0.26654770
raw_plus_semantic,8,sem_ValueRegime,context,0.23982936
raw_plus_semantic,9,sem_CrossJurisdictionTransfer,context,0.17406869
raw_plus_semantic,10,role_tenure_minutes,role,0.16580684
raw_plus_semantic,11,from_bank_code,raw,0.16136651
raw_plus_semantic,12,lifecycle_buckets_active,lifecycle,0.15107466
raw_plus_semantic,13,new_beneficiary,raw,0.14297723
raw_plus_semantic,14,evidence_mitigation_count,evidence,0.13583944
raw_plus_semantic,15,beneficiary_prior_count,raw,0.13492982
raw_plus_semantic,16,to_bank_code,raw,0.12773741
raw_plus_semantic,17,receiving_currency_code,raw,0.12430326
raw_plus_semantic,18,sem_CounterpartyRegime,context,0.12194595
raw_plus_semantic,19,sem_BehaviourRegimeShift,context,0.11349944
raw_plus_semantic,20,beh_RelationshipCollapseBehaviour,behaviour,0.10816572
raw_plus_semantic,21,evidence_effective_risk,evidence,0.10658261
raw_plus_semantic,22,payment_currency_code,raw,0.10646660
raw_plus_semantic,23,lifecycle_age_minutes,lifecycle,0.10501204
raw_plus_semantic,24,lifecycle_distinct_counterparties,lifecycle,0.09714571
raw_plus_semantic,25,sem_RoutineValueTransfer,context,0.09541224
raw_plus_semantic,26,originator_prior_count,raw,0.09383134
raw_plus_semantic,27,sem_TempoRegime,context,0.08610331
raw_plus_semantic,28,evidence_strongest_risk,evidence,0.08605597
raw_plus_semantic,29,sem_DistributionNode,context,0.07519221
raw_plus_semantic,30,beh_RapidLayeringBehaviour,behaviour,0.07471698
raw_plus_semantic,31,minute,raw,0.07433841
raw_plus_semantic,32,evidence_unqualified_topics,evidence,0.07185209
raw_plus_semantic,33,beh_SupplierSettlementBehaviour,behaviour,0.06687663
raw_plus_semantic,34,role_transition_count,role,0.06633233
raw_plus_semantic,35,role_code,role,0.06525029
raw_plus_semantic,36,sem_ExpectedHighValueTransfer,context,0.06389156
raw_plus_semantic,37,sem_CurrencyConversionTransfer,context,0.06321772
raw_plus_semantic,38,hour,raw,0.06267118
raw_plus_semantic,39,lifecycle_horizons_filled,lifecycle,0.05873924
raw_plus_semantic,40,beh_ExpectedBusinessCycle,behaviour,0.05196595
raw_plus_semantic,41,lifecycle_observed_events,lifecycle,0.05027034
raw_plus_semantic,42,beh_UnexpectedBusinessCycle,behaviour,0.04121269
raw_plus_semantic,43,beh_CashConcentrationBehaviour,behaviour,0.04035117
raw_plus_semantic,44,beh_MoneyAccumulationBehaviour,behaviour,0.03896596
raw_plus_semantic,45,day_offset,raw,0.03648099
raw_plus_semantic,46,originator_24h_count,raw,0.03640756
raw_plus_semantic,47,evidence_risk_count,evidence,0.03549182
raw_plus_semantic,48,role_confidence,role,0.03273499
raw_plus_semantic,49,scn_NormalConsumerBehaviour,scenario,0.02874386
raw_plus_semantic,50,beh_DistributionBehaviour,behaviour,0.02652977
raw_plus_semantic,51,sem_IntraCustomerTransfer,context,0.01935006
raw_plus_semantic,52,sem_UnscaledValue,context,0.01791510
raw_plus_semantic,53,sem_RecentlyCreatedRelationship,context,0.01617393
raw_plus_semantic,54,evidence_conflict_count,evidence,0.01389261
raw_plus_semantic,55,sem_NormalOperationalBurst,context,0.01376826
raw_plus_semantic,56,scn_TreasuryCycling,scenario,0.01299224
raw_plus_semantic,57,sem_CashInstrumentSettlement,context,0.01151404
raw_plus_semantic,58,amount_ratio,raw,0.00857364
raw_plus_semantic,59,beh_PassThroughBehaviour,behaviour,0.00819358
raw_plus_semantic,60,beh_BurstActivityBehaviour,behaviour,0.00813428
raw_plus_semantic,61,same_bank,raw,0.00767965
raw_plus_semantic,62,sem_VirtualAssetExposure,context,0.00616931
raw_plus_semantic,63,beh_TransitBehaviour,behaviour,0.00435243
raw_plus_semantic,64,beh_InsufficientBehaviouralHistory,behaviour,0.00406940
raw_plus_semantic,65,sem_PassThroughAccount,context,0.00377834
raw_plus_semantic,66,sem_NoEstablishedBaseline,context,0.00250020
raw_plus_semantic,67,sem_FirstContact,context,0.00110056
raw_plus_semantic,68,sem_UnexpectedLargeTransfer,context,0.00066356
raw_plus_semantic,69,beh_FanInCollection,behaviour,0.00065101
raw_plus_semantic,70,beh_CollectionBehaviour,behaviour,0.00044965
raw_plus_semantic,71,beh_DormantAccountActivation,behaviour,0.00038878
raw_plus_semantic,72,beh_LiquidityBalancingBehaviour,behaviour,0.00019643
raw_plus_semantic,73,scn_CollectThenForward,scenario,0.00014353
raw_plus_semantic,74,sem_CollectionNode,context,0.00001791
raw_plus_semantic,75,beh_ShellCompanyBehaviour,behaviour,0.00001587
raw_plus_semantic,76,sem_LayeringChainSegment,context,0.00000120
raw_plus_semantic,77,scn_DistributionRun,scenario,0.00000020
raw_plus_semantic,78,sem_BookkeepingAccount,context,0.00000000
raw_plus_semantic,79,sem_NonInformativeNovelty,context,0.00000000
raw_plus_semantic,80,sem_InternalBookEntry,context,0.00000000
raw_plus_semantic,81,sem_HighRiskJurisdictionExposure,context,0.00000000
raw_plus_semantic,82,sem_CoverageGap,context,0.00000000
raw_plus_semantic,83,beh_FanOutDistribution,behaviour,0.00000000
raw_plus_semantic,84,beh_SettlementHubBehaviour,behaviour,0.00000000
raw_plus_semantic,85,beh_HighVelocityLayering,behaviour,0.00000000
raw_plus_semantic,86,beh_CircularMoneyMovement,behaviour,0.00000000
raw_plus_semantic,87,beh_RelationshipGrowthBehaviour,behaviour,0.00000000
raw_plus_semantic,88,beh_RoutinePayrollBehaviour,behaviour,0.00000000
raw_plus_semantic,89,beh_PayrollOperatorBehaviour,behaviour,0.00000000
raw_plus_semantic,90,beh_MoneyMuleBehaviour,behaviour,0.00000000
raw_plus_semantic,91,scn_LayeringAttempt,scenario,0.00000000
raw_plus_semantic,92,scn_DormancyAfterOutflow,scenario,0.00000000
raw,1,payment_format_code,raw,3.28304762
raw,2,pair_prior_count,raw,2.91843769
raw,3,log_amount_paid,raw,0.71723705
raw,4,from_bank_code,raw,0.57942573
raw,5,log_amount_received,raw,0.45786384
raw,6,originator_prior_mean_log_amount,raw,0.38573386
raw,7,originator_24h_count,raw,0.37564073
raw,8,originator_prior_count,raw,0.30379300
raw,9,payment_currency_code,raw,0.28229953
raw,10,day_offset,raw,0.26225834
raw,11,receiving_currency_code,raw,0.20510418
raw,12,beneficiary_prior_count,raw,0.17250290
raw,13,minute,raw,0.17087257
raw,14,hour,raw,0.17078025
raw,15,to_bank_code,raw,0.16476782
raw,16,new_beneficiary,raw,0.14784914
raw,17,same_bank,raw,0.09684744
raw,18,amount_ratio,raw,0.02603481
