model,rank,feature,group,catboost_importance
semantic,1,sem_EstablishedRelationship,context,19.249710
semantic,2,lifecycle_idle_minutes,lifecycle,8.910120
semantic,3,sem_ValueRegime,context,5.018777
semantic,4,sem_NonInformativeNovelty,context,4.982865
semantic,5,lifecycle_buckets_active,lifecycle,4.279378
semantic,6,role_tenure_minutes,role,4.262314
semantic,7,lifecycle_age_minutes,lifecycle,3.320807
semantic,8,evidence_effective_risk,evidence,3.319818
semantic,9,role_transition_count,role,3.029053
semantic,10,beh_SupplierSettlementBehaviour,behaviour,2.936340
semantic,11,evidence_mitigation_count,evidence,2.884284
semantic,12,sem_TempoRegime,context,2.544421
semantic,13,sem_FirstContact,context,2.525879
semantic,14,sem_CrossJurisdictionTransfer,context,2.263408
semantic,15,lifecycle_horizons_filled,lifecycle,2.119765
semantic,16,lifecycle_observed_events,lifecycle,2.099879
semantic,17,sem_CashInstrumentSettlement,context,1.927392
semantic,18,role_confidence,role,1.835227
semantic,19,sem_CounterpartyRegime,context,1.772800
semantic,20,lifecycle_distinct_counterparties,lifecycle,1.739175
semantic,21,beh_DistributionBehaviour,behaviour,1.600152
semantic,22,sem_BehaviourRegimeShift,context,1.448628
semantic,23,sem_RoutineValueTransfer,context,1.422220
semantic,24,sem_ExpectedHighValueTransfer,context,1.338022
semantic,25,evidence_strongest_risk,evidence,1.247683
semantic,26,sem_RecentlyCreatedRelationship,context,1.239277
semantic,27,role_code,role,1.168843
semantic,28,scn_NormalConsumerBehaviour,scenario,0.939992
semantic,29,evidence_risk_count,evidence,0.852740
semantic,30,beh_RelationshipCollapseBehaviour,behaviour,0.736936
semantic,31,evidence_unqualified_topics,evidence,0.712494
semantic,32,evidence_conflict_count,evidence,0.690394
semantic,33,sem_CurrencyConversionTransfer,context,0.613841
semantic,34,beh_PassThroughBehaviour,behaviour,0.549585
semantic,35,beh_RapidLayeringBehaviour,behaviour,0.499061
semantic,36,beh_UnexpectedBusinessCycle,behaviour,0.423299
semantic,37,beh_BurstActivityBehaviour,behaviour,0.404385
semantic,38,sem_InternalBookEntry,context,0.380273
semantic,39,beh_CashConcentrationBehaviour,behaviour,0.378901
semantic,40,beh_ExpectedBusinessCycle,behaviour,0.360282
semantic,41,beh_MoneyAccumulationBehaviour,behaviour,0.312990
semantic,42,sem_UnscaledValue,context,0.243282
semantic,43,sem_PassThroughAccount,context,0.241315
semantic,44,sem_NormalOperationalBurst,context,0.224291
semantic,45,sem_DistributionNode,context,0.212402
semantic,46,sem_IntraCustomerTransfer,context,0.194988
semantic,47,sem_HighRiskJurisdictionExposure,context,0.141754
semantic,48,scn_TreasuryCycling,scenario,0.133726
semantic,49,sem_VirtualAssetExposure,context,0.118673
semantic,50,beh_InsufficientBehaviouralHistory,behaviour,0.079866
semantic,51,sem_NoEstablishedBaseline,context,0.023474
semantic,52,sem_UnexpectedLargeTransfer,context,0.013162
semantic,53,beh_CircularMoneyMovement,behaviour,0.012475
semantic,54,beh_CollectionBehaviour,behaviour,0.006598
semantic,55,beh_TransitBehaviour,behaviour,0.005663
semantic,56,beh_DormantAccountActivation,behaviour,0.002311
semantic,57,beh_FanInCollection,behaviour,0.002019
semantic,58,beh_ShellCompanyBehaviour,behaviour,0.001139
semantic,59,scn_CollectThenForward,scenario,0.000662
semantic,60,beh_LiquidityBalancingBehaviour,behaviour,0.000533
semantic,61,sem_CollectionNode,context,0.000155
semantic,62,scn_DistributionRun,scenario,0.000089
semantic,63,sem_LayeringChainSegment,context,0.000015
semantic,64,sem_BookkeepingAccount,context,0.000000
semantic,65,sem_CoverageGap,context,0.000000
semantic,66,beh_FanOutDistribution,behaviour,0.000000
semantic,67,beh_SettlementHubBehaviour,behaviour,0.000000
semantic,68,beh_HighVelocityLayering,behaviour,0.000000
semantic,69,beh_RelationshipGrowthBehaviour,behaviour,0.000000
semantic,70,beh_RoutinePayrollBehaviour,behaviour,0.000000
semantic,71,beh_PayrollOperatorBehaviour,behaviour,0.000000
semantic,72,beh_MoneyMuleBehaviour,behaviour,0.000000
semantic,73,scn_LayeringAttempt,scenario,0.000000
semantic,74,scn_DormancyAfterOutflow,scenario,0.000000
raw_plus_semantic,1,payment_format_code,raw,21.406833
raw_plus_semantic,2,pair_prior_count,raw,10.915908
raw_plus_semantic,3,sem_EstablishedRelationship,context,6.295761
raw_plus_semantic,4,log_amount_received,raw,4.354100
raw_plus_semantic,5,log_amount_paid,raw,3.893580
raw_plus_semantic,6,originator_prior_mean_log_amount,raw,3.686786
raw_plus_semantic,7,lifecycle_idle_minutes,lifecycle,3.331684
raw_plus_semantic,8,from_bank_code,raw,3.240009
raw_plus_semantic,9,to_bank_code,raw,2.669660
raw_plus_semantic,10,lifecycle_age_minutes,lifecycle,2.663415
raw_plus_semantic,11,beneficiary_prior_count,raw,2.219885
raw_plus_semantic,12,sem_CounterpartyRegime,context,2.152752
raw_plus_semantic,13,lifecycle_buckets_active,lifecycle,2.105943
raw_plus_semantic,14,minute,raw,1.946810
raw_plus_semantic,15,role_tenure_minutes,role,1.911487
raw_plus_semantic,16,receiving_currency_code,raw,1.522827
raw_plus_semantic,17,beh_RelationshipCollapseBehaviour,behaviour,1.413881
raw_plus_semantic,18,evidence_effective_risk,evidence,1.396567
raw_plus_semantic,19,lifecycle_distinct_counterparties,lifecycle,1.264483
raw_plus_semantic,20,sem_ValueRegime,context,1.121816
raw_plus_semantic,21,hour,raw,1.089287
raw_plus_semantic,22,evidence_mitigation_count,evidence,1.074295
raw_plus_semantic,23,beh_SupplierSettlementBehaviour,behaviour,1.064822
raw_plus_semantic,24,payment_currency_code,raw,1.006435
raw_plus_semantic,25,new_beneficiary,raw,1.002954
raw_plus_semantic,26,sem_DistributionNode,context,0.933109
raw_plus_semantic,27,originator_prior_count,raw,0.921223
raw_plus_semantic,28,sem_RoutineValueTransfer,context,0.897287
raw_plus_semantic,29,evidence_strongest_risk,evidence,0.882280
raw_plus_semantic,30,sem_TempoRegime,context,0.874988
raw_plus_semantic,31,lifecycle_observed_events,lifecycle,0.774095
raw_plus_semantic,32,lifecycle_horizons_filled,lifecycle,0.740995
raw_plus_semantic,33,sem_CrossJurisdictionTransfer,context,0.727406
raw_plus_semantic,34,role_transition_count,role,0.612261
raw_plus_semantic,35,originator_24h_count,raw,0.611185
raw_plus_semantic,36,sem_BehaviourRegimeShift,context,0.604162
raw_plus_semantic,37,role_code,role,0.490900
raw_plus_semantic,38,beh_CashConcentrationBehaviour,behaviour,0.479119
raw_plus_semantic,39,evidence_unqualified_topics,evidence,0.476709
raw_plus_semantic,40,beh_RapidLayeringBehaviour,behaviour,0.456455
raw_plus_semantic,41,sem_CurrencyConversionTransfer,context,0.441158
raw_plus_semantic,42,evidence_risk_count,evidence,0.435815
raw_plus_semantic,43,sem_ExpectedHighValueTransfer,context,0.433721
raw_plus_semantic,44,beh_PassThroughBehaviour,behaviour,0.374311
raw_plus_semantic,45,role_confidence,role,0.373987
raw_plus_semantic,46,beh_ExpectedBusinessCycle,behaviour,0.333650
raw_plus_semantic,47,sem_RecentlyCreatedRelationship,context,0.294584
raw_plus_semantic,48,sem_IntraCustomerTransfer,context,0.265575
raw_plus_semantic,49,scn_TreasuryCycling,scenario,0.229347
raw_plus_semantic,50,beh_MoneyAccumulationBehaviour,behaviour,0.213503
raw_plus_semantic,51,scn_NormalConsumerBehaviour,scenario,0.209777
raw_plus_semantic,52,beh_UnexpectedBusinessCycle,behaviour,0.190696
raw_plus_semantic,53,sem_CashInstrumentSettlement,context,0.143655
raw_plus_semantic,54,beh_DistributionBehaviour,behaviour,0.126627
raw_plus_semantic,55,evidence_conflict_count,evidence,0.121742
raw_plus_semantic,56,day_offset,raw,0.107063
raw_plus_semantic,57,beh_BurstActivityBehaviour,behaviour,0.077325
raw_plus_semantic,58,sem_NormalOperationalBurst,context,0.076429
raw_plus_semantic,59,sem_UnscaledValue,context,0.067242
raw_plus_semantic,60,beh_InsufficientBehaviouralHistory,behaviour,0.055579
raw_plus_semantic,61,amount_ratio,raw,0.053733
raw_plus_semantic,62,same_bank,raw,0.041888
raw_plus_semantic,63,sem_VirtualAssetExposure,context,0.035307
raw_plus_semantic,64,sem_PassThroughAccount,context,0.021858
raw_plus_semantic,65,beh_TransitBehaviour,behaviour,0.017994
raw_plus_semantic,66,sem_FirstContact,context,0.008601
raw_plus_semantic,67,sem_NoEstablishedBaseline,context,0.003716
raw_plus_semantic,68,beh_FanInCollection,behaviour,0.003449
raw_plus_semantic,69,sem_UnexpectedLargeTransfer,context,0.002790
raw_plus_semantic,70,beh_CollectionBehaviour,behaviour,0.002134
raw_plus_semantic,71,beh_LiquidityBalancingBehaviour,behaviour,0.000966
raw_plus_semantic,72,scn_CollectThenForward,scenario,0.000782
raw_plus_semantic,73,beh_DormantAccountActivation,behaviour,0.000588
raw_plus_semantic,74,beh_ShellCompanyBehaviour,behaviour,0.000186
raw_plus_semantic,75,sem_CollectionNode,context,0.000064
raw_plus_semantic,76,sem_LayeringChainSegment,context,0.000003
raw_plus_semantic,77,scn_DistributionRun,scenario,0.000000
raw_plus_semantic,78,sem_BookkeepingAccount,context,0.000000
raw_plus_semantic,79,sem_NonInformativeNovelty,context,0.000000
raw_plus_semantic,80,sem_InternalBookEntry,context,0.000000
raw_plus_semantic,81,sem_HighRiskJurisdictionExposure,context,0.000000
raw_plus_semantic,82,sem_CoverageGap,context,0.000000
raw_plus_semantic,83,beh_FanOutDistribution,behaviour,0.000000
raw_plus_semantic,84,beh_SettlementHubBehaviour,behaviour,0.000000
raw_plus_semantic,85,beh_HighVelocityLayering,behaviour,0.000000
raw_plus_semantic,86,beh_CircularMoneyMovement,behaviour,0.000000
raw_plus_semantic,87,beh_RelationshipGrowthBehaviour,behaviour,0.000000
raw_plus_semantic,88,beh_RoutinePayrollBehaviour,behaviour,0.000000
raw_plus_semantic,89,beh_PayrollOperatorBehaviour,behaviour,0.000000
raw_plus_semantic,90,beh_MoneyMuleBehaviour,behaviour,0.000000
raw_plus_semantic,91,scn_LayeringAttempt,scenario,0.000000
raw_plus_semantic,92,scn_DormancyAfterOutflow,scenario,0.000000
raw,1,payment_format_code,raw,24.181716
raw,2,pair_prior_count,raw,15.063743
raw,3,from_bank_code,raw,9.329283
raw,4,log_amount_paid,raw,6.539696
raw,5,originator_prior_count,raw,6.113628
raw,6,originator_prior_mean_log_amount,raw,5.807099
raw,7,originator_24h_count,raw,5.670731
raw,8,minute,raw,4.705044
raw,9,log_amount_received,raw,4.545932
raw,10,to_bank_code,raw,3.838580
raw,11,beneficiary_prior_count,raw,3.699423
raw,12,hour,raw,2.920855
raw,13,receiving_currency_code,raw,2.602314
raw,14,payment_currency_code,raw,2.514773
raw,15,day_offset,raw,0.868009
raw,16,new_beneficiary,raw,0.834159
raw,17,same_bank,raw,0.596413
raw,18,amount_ratio,raw,0.168603
